"","ADF","KPSS"
"MS",-5.37885195837292,0.0661300640173246
"SPY",-6.88968168513957,0.0236552891097438
